{"cameraMode":{"drawMode":0,"name":"Shaded","section":"Shading Mode"},"sceneLighting":false,"audioPlay":false,"sceneViewState":{"showFog":true,"showMaterialUpdate":false,"showSkybox":false,"showFlares":true,"showImageEffects":true,"showParticleSystems":true},"in2DMode":false,"pivot":{"x":0.035734087228775027,"y":0.3972732424736023,"z":0.0070736706256866459},"rotation":{"x":-0.12013213336467743,"y":0.8758769035339356,"z":-0.28279969096183779,"w":-0.37207022309303286},"size":2.2375335693359377,"orthographic":false}